{
	"partitions" : [
		{
			"name" : "Top",
			"pins" : [
				{
					"name" : "RS",
					"strict" : false
				},
				{
					"name" : "ENA",
					"strict" : false
				},
				{
					"name" : "DATA_LCD[0]",
					"strict" : false
				},
				{
					"name" : "DATA_LCD[1]",
					"strict" : false
				},
				{
					"name" : "DATA_LCD[2]",
					"strict" : false
				},
				{
					"name" : "DATA_LCD[3]",
					"strict" : false
				},
				{
					"name" : "DATA_LCD[4]",
					"strict" : false
				},
				{
					"name" : "DATA_LCD[5]",
					"strict" : false
				},
				{
					"name" : "DATA_LCD[6]",
					"strict" : false
				},
				{
					"name" : "DATA_LCD[7]",
					"strict" : false
				},
				{
					"name" : "CLK",
					"strict" : false
				}
			]
		}
	]
}