{
	"partitions" : [
		{
			"name" : "Top",
			"pins" : [
				{
					"name" : "ledR[0]",
					"strict" : false
				},
				{
					"name" : "ledR[1]",
					"strict" : false
				},
				{
					"name" : "ledV[1]",
					"strict" : false
				},
				{
					"name" : "ledV[3]",
					"strict" : false
				},
				{
					"name" : "TrigSenUlt[0]",
					"strict" : false
				},
				{
					"name" : "TrigSenUlt[1]",
					"strict" : false
				},
				{
					"name" : "TrigSenUlt[2]",
					"strict" : false
				},
				{
					"name" : "TrigSenUlt[3]",
					"strict" : false
				},
				{
					"name" : "LedsCamino[0]",
					"strict" : false
				},
				{
					"name" : "LedsCamino[1]",
					"strict" : false
				},
				{
					"name" : "LedsCamino[2]",
					"strict" : false
				},
				{
					"name" : "S0",
					"strict" : false
				},
				{
					"name" : "S1",
					"strict" : false
				},
				{
					"name" : "S2",
					"strict" : false
				},
				{
					"name" : "S3",
					"strict" : false
				},
				{
					"name" : "S4",
					"strict" : false
				},
				{
					"name" : "S6",
					"strict" : false
				},
				{
					"name" : "ti1",
					"strict" : false
				},
				{
					"name" : "ti2",
					"strict" : false
				},
				{
					"name" : "servoMotor",
					"strict" : false
				},
				{
					"name" : "RS",
					"strict" : false
				},
				{
					"name" : "ENA",
					"strict" : false
				},
				{
					"name" : "DATA_LCD[0]",
					"strict" : false
				},
				{
					"name" : "DATA_LCD[1]",
					"strict" : false
				},
				{
					"name" : "DATA_LCD[2]",
					"strict" : false
				},
				{
					"name" : "DATA_LCD[3]",
					"strict" : false
				},
				{
					"name" : "DATA_LCD[4]",
					"strict" : false
				},
				{
					"name" : "DATA_LCD[5]",
					"strict" : false
				},
				{
					"name" : "DATA_LCD[6]",
					"strict" : false
				},
				{
					"name" : "DATA_LCD[7]",
					"strict" : false
				},
				{
					"name" : "senalLectorRFID1",
					"strict" : false
				},
				{
					"name" : "senalLectorRFID",
					"strict" : false
				},
				{
					"name" : "CLK",
					"strict" : false
				},
				{
					"name" : "EchoSenUlt[2]",
					"strict" : false
				},
				{
					"name" : "EchoSenUlt[0]",
					"strict" : false
				},
				{
					"name" : "EchoSenUlt[1]",
					"strict" : false
				},
				{
					"name" : "EchoSenUlt[3]",
					"strict" : false
				}
			]
		}
	]
}