{
	"partitions" : [
		{
			"name" : "Top",
			"pins" : [
				{
					"name" : "ledR[0]",
					"strict" : false
				},
				{
					"name" : "ledV[0]",
					"strict" : false
				},
				{
					"name" : "ledV[3]",
					"strict" : false
				},
				{
					"name" : "TrigSenUlt[0]",
					"strict" : false
				},
				{
					"name" : "TrigSenUlt[1]",
					"strict" : false
				},
				{
					"name" : "TrigSenUlt[2]",
					"strict" : false
				},
				{
					"name" : "TrigSenUlt[3]",
					"strict" : false
				},
				{
					"name" : "TrigSenUlt[4]",
					"strict" : false
				},
				{
					"name" : "LedsCamino[0]",
					"strict" : false
				},
				{
					"name" : "LedsCamino[1]",
					"strict" : false
				},
				{
					"name" : "LedsCamino[2]",
					"strict" : false
				},
				{
					"name" : "LedsCamino[3]",
					"strict" : false
				},
				{
					"name" : "S0",
					"strict" : false
				},
				{
					"name" : "S1",
					"strict" : false
				},
				{
					"name" : "S2",
					"strict" : false
				},
				{
					"name" : "S3",
					"strict" : false
				},
				{
					"name" : "S4",
					"strict" : false
				},
				{
					"name" : "S6",
					"strict" : false
				},
				{
					"name" : "ti1",
					"strict" : false
				},
				{
					"name" : "ti2",
					"strict" : false
				},
				{
					"name" : "CLK",
					"strict" : false
				},
				{
					"name" : "senalLectorRFID",
					"strict" : false
				},
				{
					"name" : "senalLectorRFID1",
					"strict" : false
				},
				{
					"name" : "EchoSenUlt[4]",
					"strict" : false
				},
				{
					"name" : "EchoSenUlt[2]",
					"strict" : false
				},
				{
					"name" : "EchoSenUlt[0]",
					"strict" : false
				},
				{
					"name" : "EchoSenUlt[1]",
					"strict" : false
				},
				{
					"name" : "EchoSenUlt[3]",
					"strict" : false
				}
			]
		}
	]
}